{"cameraMode":{"drawMode":0,"name":"Shaded","section":"Shading Mode"},"sceneLighting":true,"audioPlay":false,"sceneViewState":{"m_AlwaysRefresh":false,"showFog":true,"showSkybox":true,"showFlares":true,"showImageEffects":true,"showParticleSystems":true,"showVisualEffectGraphs":true,"m_FxEnabled":true},"in2DMode":false,"pivot":{"x":-0.46822142601013186,"y":3.008104085922241,"z":-0.43555259704589846},"rotation":{"x":0.32431530952453616,"y":-0.041689082980155948,"z":0.014301965944468975,"w":0.9449569582939148},"size":3.1002421379089357,"orthographic":false}